#,Listings,"Marka (obecna)","Marka EU","Model (obecny)","Model EU — do `serie` (filtr/URL)","Model EU — pełna nazwa (do title/SEO)","Alias EU (w tytule)","Slug URL huba","Tytuł preview","EU market?",Typ,Uwagi,STATUS
1,78,AITO,AITO,"Aito M9",M9,"AITO M9",,/samochody/aito/m9/,"AITO M9 2025",Y,SUV,"flagship | MARKA: Huawei-Seres, w EU pod AITO",
3,44,AITO,AITO,"Aito M7",M7,"AITO M7",,/samochody/aito/m7/,"AITO M7 2025",Y,SUV,"MARKA: Huawei-Seres, w EU pod AITO",
4,40,AITO,AITO,"Aito M8",M8,"AITO M8",,/samochody/aito/m8/,"AITO M8 2025",Y,SUV,"MARKA: Huawei-Seres, w EU pod AITO",
10,28,AITO,AITO,"Aito M5",M5,"AITO M5",,/samochody/aito/m5/,"AITO M5 2025",Y,SUV,"MARKA: Huawei-Seres, w EU pod AITO",
204,1,Audi,Audi,"Audi E5 Sportback","E5 Sportback","Audi E5 Sportback",,/samochody/audi/e5-sportback/,"Audi E5 Sportback 2025",?,,"do potwierdzenia (fallback) | MARKA: niemiecka; JV SAIC-Audi dla CN (Audi A7L, E5 Sportback)",
13,24,Avatr,Avatr,"Avatr 06",06,"Avatr 06",,/samochody/avatr/06/,"Avatr 06 2025",Y,sedan,"MARKA: Changan-Huawei-CATL JV, debiut EU 2024+",
18,19,Avatr,Avatr,"Avatr 12",12,"Avatr 12",,/samochody/avatr/12/,"Avatr 12 2025",Y,"sedan coupe","MARKA: Changan-Huawei-CATL JV, debiut EU 2024+",
32,12,Avatr,Avatr,"Avatr 07",07,"Avatr 07",,/samochody/avatr/07/,"Avatr 07 2025",Y,SUV,"MARKA: Changan-Huawei-CATL JV, debiut EU 2024+",
59,8,Avatr,Avatr,"Avatr 11",11,"Avatr 11",,/samochody/avatr/11/,"Avatr 11 2025",Y,SUV,"MARKA: Changan-Huawei-CATL JV, debiut EU 2024+",
155,2,"Beijing Off-Road",BAIC,"Beijing Off-road BJ40",BJ40,"BAIC BJ40",,/samochody/baic/bj40/,"BAIC BJ40 2025",?,"off-road SUV","MARKA: Beijing Off-Road = BAIC BJ series",
208,1,"Beijing Off-Road",BAIC,"Beijing Off-road BJ40 EREV","BJ40 EREV","BAIC BJ40 EREV",,/samochody/baic/bj40-erev/,"BAIC BJ40 EREV 2025",?,,"do potwierdzenia (fallback) | MARKA: Beijing Off-Road = BAIC BJ series",
209,1,"Beijing Off-Road",BAIC,"Beijing Off-road BJ60",BJ60,"BAIC BJ60",,/samochody/baic/bj60/,"BAIC BJ60 2025",?,,"do potwierdzenia (fallback) | MARKA: Beijing Off-Road = BAIC BJ series",
103,4,212,"Beijing 212","212 T01",T01,"Beijing 212 T01",,/samochody/beijing-212/t01/,"Beijing 212 T01 2025",?,,"do potwierdzenia (fallback) | MARKA: klasyczny off-roader BAIC, CN-only",
6,32,BYD,BYD,"Tang DM","Tang DM-i","BYD Tang",,/samochody/byd/tang-dm-i/,"BYD Tang DM-i 2025",Y,"SUV 7-os",,
17,20,BYD,BYD,"Song L EV","Song L EV","BYD Song L EV",,/samochody/byd/sealion-5-ev/,"BYD Sealion 5 EV 2025",?,SUV,"do potwierdzenia EU name",
19,19,BYD,BYD,"Han DM","Han DM-i","BYD Han",,/samochody/byd/han-dm-i/,"BYD Han DM-i 2025",N,sedan,CN-only,
22,17,BYD,BYD,"Seal 06 DM","Seal 6 DM-i","BYD Seal 6 DM-i",,/samochody/byd/seal-06-dm-i/,"BYD Seal 06 DM-i 2025",?,sedan,"do potwierdzenia",
26,14,BYD,BYD,"Song L DM","Song L DM-i","BYD Song L",,/samochody/byd/sealion-5-dm-i/,"BYD Sealion 5 DM-i 2025",?,SUV,"do potwierdzenia",
29,13,BYD,BYD,"Song Pro DM","Song Pro DM-i","BYD Song Pro",,/samochody/byd/song-pro-dm-i/,"BYD Song Pro DM-i 2025",N,SUV,CN-focus,
35,12,Fangchengbao,BYD,"Tai 3","Leopard 3 (Tai 3) FCB","Leopard 3",,/samochody/byd/tai-3/,"BYD Tai 3 2025",?,"SUV mini EV","MARKA: scalone do BYD; linia Leopard + Tai zachowana w serie",
37,11,BYD,BYD,"Haishi 07 EV","Sealion 7","BYD Sealion 7",,/samochody/byd/sealion-7/,"BYD Sealion 7 2025",Y,SUV,"Haishi 07 = Sealion 7 w EU",
38,11,BYD,BYD,"Yuan UP","Atto 2","BYD Atto 2",,/samochody/byd/atto-2/,"BYD Atto 2 2025",Y,"SUV mini","Yuan UP = Atto 2 w EU",
44,10,BYD,BYD,"Qin L DM","Qin L DM-i","BYD Qin L",,/samochody/byd/qin-l-dm-i/,"BYD Qin L DM-i 2025",N,sedan,CN-only,
50,9,BYD,BYD,"Han EV","Han EV","BYD Han EV",,/samochody/byd/han-ev/,"BYD Han EV 2025",Y,sedan,,
51,9,BYD,BYD,"Song PLUS DM","Seal U DM-I (Song Plus)","BYD Seal U DM-i",,/samochody/byd/seal-u-dm-i/,"BYD Seal U DM-i 2025",Y,SUV,"Song Plus = Seal U w EU",
52,9,BYD,BYD,"Tang L DM","SeaLion 8 DM-I (Tang L)","BYD SeaLion 8",,/samochody/byd/tang-l-dm-i/,"BYD Tang L DM-i 2025",?,"SUV 7-os",,
53,9,Fangchengbao,BYD,"Tai 7 PHEV","Leopard 7 (Tai 7) FCB, PHEV","BYD Leopard 7 PHEV",,/samochody/byd/tai-7-phev/,"BYD Tai 7 PHEV 2025",?,"SUV PHEV","MARKA: scalone do BYD; linia Leopard + Tai zachowana w serie",
74,6,BYD,BYD,"Han L EV","Han L EV","BYD Han L EV",,/samochody/byd/han-l-ev/,"BYD Han L EV 2025",N,"sedan flagship","CN-only LWB",
75,6,BYD,BYD,"Sea Lion 07DM","Sea Lion 7 DM","BYD Sea Lion 7 DM",,/samochody/byd/sea-lion-07dm/,"BYD Sea Lion 07DM 2025",?,,"do potwierdzenia (fallback)",
87,5,BYD,BYD,"Sea Lion 06EV","Sea Lion 6 EV","BYD Sea Lion 6",,/samochody/byd/sea-lion-06ev/,"BYD Sea Lion 06EV 2025",?,,"do potwierdzenia (fallback)",
88,5,BYD,BYD,"Song PLUS EV","Song PLUS EV","BYD Song PLUS EV",,/samochody/byd/song-plus-ev/,"BYD Song PLUS EV 2025",?,,"do potwierdzenia (fallback)",
89,5,BYD,BYD,Xia,"Xia Summer","BYD Xia",,/samochody/byd/xia/,"BYD Xia 2025",?,,"do potwierdzenia (fallback)",
104,4,BYD,BYD,"Qin L EV","Qin L EV","BYD Qin L EV",,/samochody/byd/qin-l-ev/,"BYD Qin L EV 2025",?,,"do potwierdzenia (fallback)",
105,4,BYD,BYD,"Seal 07 DM","Seal 7 DM","BYD Seal 7 DM",,/samochody/byd/seal-07-dm/,"BYD Seal 07 DM 2025",?,,"do potwierdzenia (fallback)",
122,3,BYD,BYD,"Haishi 05 EV","SeaLion 5 EV","BYD SeaLion 5",,/samochody/byd/haishi-05-ev/,"BYD Haishi 05 EV 2025",?,,"do potwierdzenia (fallback)",
123,3,BYD,BYD,"Han L DM","Han L DM","BYD Han L",,/samochody/byd/han-l-dm/,"BYD Han L DM 2025",?,,"do potwierdzenia (fallback)",
124,3,BYD,BYD,"Qin PLUS EV","Qin PLUS EV","BYD Qin PLUS",,/samochody/byd/qin-plus-ev/,"BYD Qin PLUS EV 2025",?,,"do potwierdzenia (fallback)",
125,3,BYD,BYD,Seal,Seal,"BYD Seal",,/samochody/byd/seal/,"BYD Seal 2025",Y,sedan,,
126,3,BYD,BYD,"Seal 05 DM","Seal 5 DM","BYD Seal 5",,/samochody/byd/seal-05-dm/,"BYD Seal 05 DM 2025",?,,"do potwierdzenia (fallback)",
127,3,BYD,BYD,"Yuan PLUS","ATTO 3 (Yuan PLUS)","BYD ATTO 3",,/samochody/byd/yuan-plus/,"BYD Yuan PLUS 2025",?,,"do potwierdzenia (fallback)",
132,3,Fangchengbao,BYD,"Leopard 5","Leopard 5 (Denza B5)","BYD Leopard 5, Denza B5",,/samochody/byd/leopard-5/,"BYD Leopard 5 2025",?,"SUV off-road PHEV","MARKA: scalone do BYD; linia Leopard + Tai zachowana w serie",
149,2,BYD,BYD,Dolphin,Dolphin,"BYD Dolphin",,/samochody/byd/dolphin/,"BYD Dolphin 2025",Y,hatchback,,
150,2,BYD,BYD,"Haishi 05 DM","SeaLion 5 DM","BYD SeaLion 5",,/samochody/byd/haishi-05-dm/,"BYD Haishi 05 DM 2025",?,,"do potwierdzenia (fallback)",
151,2,BYD,BYD,"Haishi 06 DM","SeaLion 6 DM","BYD SeaLion 6",,/samochody/byd/haishi-06-dm/,"BYD Haishi 06 DM 2025",?,,"do potwierdzenia (fallback)",
152,2,BYD,BYD,"Qin PLUS DM","Qin Plus DM-i","BYD Qin Plus DM-i",,/samochody/byd/qin-plus-dm-i/,"BYD Qin Plus DM-i 2025",N,sedan,,
153,2,BYD,BYD,"Seal 06 EV","Seal 6 EV","BYD Seal 6",,/samochody/byd/seal-06-ev/,"BYD Seal 06 EV 2025",?,,"do potwierdzenia (fallback)",
154,2,BYD,BYD,"Seal 06 GT","Seal 06 GT","BYD Seal 06 GT",,/samochody/byd/seal-06-gt/,"BYD Seal 06 GT 2025",?,,"do potwierdzenia (fallback)",
170,2,Fangchengbao,BYD,"Leopard 8","Leopard 8  (Denza B8)","BYD Leopard 8, Denza B8",,/samochody/byd/leopard-8/,"BYD Leopard 8 2025",?,"SUV off-road PHEV","MARKA: scalone do BYD; linia Leopard + Tai zachowana w serie",
205,1,BYD,BYD,"Seal 06 DM Wagon","Seal 6 DM Wagon","BYD Seal 6 Kombi",,/samochody/byd/seal-06-dm-wagon/,"BYD Seal 06 DM Wagon 2025",?,,"do potwierdzenia (fallback)",
206,1,BYD,BYD,"Seal DM","Seal DM","BYD Seal DM",,/samochody/byd/seal-dm/,"BYD Seal DM 2025",?,,"do potwierdzenia (fallback)",
207,1,BYD,BYD,"Tang L EV","SeaLion 8 (Tang L) EV","BYD SeaLion 8 EV",,/samochody/byd/tang-l-ev/,"BYD Tang L EV 2025",?,,"do potwierdzenia (fallback)",
265,1,Yangwang,BYD,"Yangwang U7 PHEV","Yangwang U7","BYD Yangwang U7",,/samochody/byd/yangwang-u7/,"BYD Yangwang U7 2025",?,"sedan flagship PHEV","MARKA: scalone do BYD; nazwa Yangwang zachowana w serie",
14,24,Changan,Changan,"Changan UNI-V",UNI-V,"Changan UNI-V",,/samochody/changan/uni-v/,"Changan UNI-V 2025",Y,"sedan coupe","MARKA: debiut EU 2024+",
33,12,Changan,Changan,"Changan CS75 PLUS","CS75 Plus","Changan CS75 Plus",,/samochody/changan/cs75-plus/,"Changan CS75 Plus 2025",Y,SUV,"MARKA: debiut EU 2024+",
106,4,Changan,Changan,"Changan UNI-Z",UNI-Z,"Changan UNI-Z",,/samochody/changan/uni-z/,"Changan UNI-Z 2025",?,,"do potwierdzenia (fallback) | MARKA: debiut EU 2024+",
128,3,Changan,Changan,"Changan UNI-Z PHEV","UNI-Z PHEV","Changan UNI-Z PHEV",,/samochody/changan/uni-z-phev/,"Changan UNI-Z PHEV 2025",?,,"do potwierdzenia (fallback) | MARKA: debiut EU 2024+",
129,3,Changan,Changan,"Changan X7 PLUS","X7 PLUS","Changan X7 PLUS",,/samochody/changan/x7-plus/,"Changan X7 PLUS 2025",?,,"do potwierdzenia (fallback) | MARKA: debiut EU 2024+",
156,2,Changan,Changan,"Changan CS55 PLUS","CS55 Plus","Changan CS55 Plus",,/samochody/changan/cs55-plus/,"Changan CS55 Plus 2025",Y,SUV,"MARKA: debiut EU 2024+",
157,2,Changan,Changan,Eado,Eado,"Changan Eado",,/samochody/changan/eado/,"Changan Eado 2025",?,,"do potwierdzenia (fallback) | MARKA: debiut EU 2024+",
158,2,Changan,Changan,"Eado PHEV","Eado PHEV","Changan Eado PHEV",,/samochody/changan/eado-phev/,"Changan Eado PHEV 2025",?,,"do potwierdzenia (fallback) | MARKA: debiut EU 2024+",
210,1,Changan,Changan,"Changan UNI-V iDD","UNI-V iDD","Changan UNI-V iDD",,/samochody/changan/uni-v-idd/,"Changan UNI-V iDD 2025",?,,"do potwierdzenia (fallback) | MARKA: debiut EU 2024+",
211,1,Changan,Changan,"长安CS55 PLUS PHEV","CS55 Plus PHEV","Changan CS55 Plus PHEV",,/samochody/changan/cs55-plus-phev/,"Changan CS55 Plus PHEV 2025",?,SUV,"translit z CN | MARKA: debiut EU 2024+",
11,27,Chery,Chery,"Arrizo 8","Arrizo 8","Chery Arrizo 8",,/samochody/chery/arrizo-8/,"Chery Arrizo 8 2025",?,sedan,"w EU raczej Omoda/Jaecoo | MARKA: w EU także sub-brandy Omoda/Jaecoo",
60,8,Chery,Chery,"Tiggo 8 PRO","Tiggo 8 Pro","Chery Tiggo 8 Pro",,/samochody/chery/tiggo-8-pro/,"Chery Tiggo 8 Pro 2025",Y,"SUV 7-os","MARKA: w EU także sub-brandy Omoda/Jaecoo",
76,6,Chery,Chery,"Arrizo 8 PRO","Arrizo 8 Pro","Chery Arrizo 8 Pro",,/samochody/chery/arrizo-8-pro/,"Chery Arrizo 8 Pro 2025",?,sedan,"MARKA: w EU także sub-brandy Omoda/Jaecoo",
90,5,Chery,Chery,"Tiggo 9","Tiggo 9","Chery Tiggo 9",,/samochody/chery/tiggo-9/,"Chery Tiggo 9 2025",Y,"SUV 7-os","MARKA: w EU także sub-brandy Omoda/Jaecoo",
130,3,Chery,Chery,"Tiggo 8 PLUS","Tiggo 8 PLUS","Chery Tiggo 8 PLUS",,/samochody/chery/tiggo-8-plus/,"Chery Tiggo 8 PLUS 2025",?,,"do potwierdzenia (fallback) | MARKA: w EU także sub-brandy Omoda/Jaecoo",
160,2,Chery,Chery,"Tiggo 8 PLUS C-DM","Tiggo 8 PLUS C-DM","Chery Tiggo 8 PLUS C-DM",,/samochody/chery/tiggo-8-plus-c-dm/,"Chery Tiggo 8 PLUS C-DM 2025",?,,"do potwierdzenia (fallback) | MARKA: w EU także sub-brandy Omoda/Jaecoo",
161,2,Chery,Chery,"Tiggo 8L","Tiggo 9 (Tiggo 8L)","Chery Tiggo 9",,/samochody/chery/tiggo-8l/,"Chery Tiggo 8L 2025",?,,"do potwierdzenia (fallback) | MARKA: w EU także sub-brandy Omoda/Jaecoo",
162,2,Chery,Chery,"Tiggo 9 C-DM","Tiggo 9 C-DM","Chery Tiggo 9 C-DM",,/samochody/chery/tiggo-9-c-dm/,"Chery Tiggo 9 C-DM 2025",?,,"do potwierdzenia (fallback) | MARKA: w EU także sub-brandy Omoda/Jaecoo",
212,1,Chery,Chery,"Tiggo 7","Tiggo 7","Chery Tiggo 7",,/samochody/chery/tiggo-7/,"Chery Tiggo 7 2025",?,,"do potwierdzenia (fallback) | MARKA: w EU także sub-brandy Omoda/Jaecoo",
213,1,Chery,Chery,"Tiggo 7 C-DM","Tiggo 7 C-DM","Chery Tiggo 7 C-DM",,/samochody/chery/tiggo-7-c-dm/,"Chery Tiggo 7 C-DM 2025",?,,"do potwierdzenia (fallback) | MARKA: w EU także sub-brandy Omoda/Jaecoo",
214,1,Chery,Chery,"Tiggo 8","Tiggo 8","Chery Tiggo 8",,/samochody/chery/tiggo-8/,"Chery Tiggo 8 2025",Y,"SUV 7-os","MARKA: w EU także sub-brandy Omoda/Jaecoo",
61,8,"Chery Fengyun","Chery Fulwin","Fengyun A9L",A9L,"Chery Fulwin A9L",,/samochody/chery-fengyun/a9l/,"Chery Fengyun A9L 2025",N,"sedan PHEV","CN-only | MARKA: PHEV sub-brand Chery",
163,2,"Chery Fengyun","Chery Fulwin","Fengyun T8",T8,"Chery Fulwin T8",,/samochody/chery-fengyun/t8/,"Chery Fengyun T8 2025",?,,"do potwierdzenia (fallback) | MARKA: PHEV sub-brand Chery",
164,2,"Chery Fengyun","Chery Fulwin","Fengyun T9",T9,"Chery Fulwin T9",,/samochody/chery-fengyun/t9/,"Chery Fengyun T9 2025",?,,"do potwierdzenia (fallback) | MARKA: PHEV sub-brand Chery",
165,2,"Chery Fengyun","Chery Fulwin",T11,T11,"Chery Fulwin T11",,/samochody/chery-fengyun/t11/,"Chery Fengyun T11 2025",?,,"do potwierdzenia (fallback) | MARKA: PHEV sub-brand Chery",
215,1,"Chery Fengyun","Chery Fulwin","Fengyun A8",A8,"Chery Fulwin A8",,/samochody/chery-fengyun/a8/,"Chery Fengyun A8 2025",?,,"do potwierdzenia (fallback) | MARKA: PHEV sub-brand Chery",
216,1,"Chery Fengyun","Chery Fulwin","Fengyun A8L",A8L,"Chery Fulwin A8L",,/samochody/chery-fengyun/a8l/,"Chery Fengyun A8L 2025",N,"sedan PHEV","MARKA: PHEV sub-brand Chery",
217,1,"Chery Fengyun","Chery Fulwin","Fengyun X3 PLUS","X3 PLUS","Chery Fulwin X3 PLUS",,/samochody/chery-fengyun/x3-plus/,"Chery Fengyun X3 PLUS 2025",?,,"do potwierdzenia (fallback) | MARKA: PHEV sub-brand Chery",
218,1,"Chery Fengyun","Chery Fulwin",风云X3L,X3L,"Chery Fulwin X3L",,/samochody/chery-fengyun/x3l/,"Chery Fengyun X3L 2025",N,"SUV PHEV","translit z CN | MARKA: PHEV sub-brand Chery",
91,5,Deepal,Deepal,"Deepal L07",L07,"Deepal L07",,/samochody/deepal/l07/,"Deepal L07 2025",Y,sedan,"MARKA: Changan EV sub-brand, EU 2024+",
92,5,Deepal,Deepal,"Deepal S07",S07,"Deepal S07",,/samochody/deepal/s07/,"Deepal S07 2025",Y,SUV,"MARKA: Changan EV sub-brand, EU 2024+",
108,4,Deepal,Deepal,"Deepal SL03",SL03,"Deepal SL03",,/samochody/deepal/sl03/,"Deepal SL03 2025",?,,"do potwierdzenia (fallback) | MARKA: Changan EV sub-brand, EU 2024+",
131,3,Deepal,Deepal,"Deepal S05",S05,"Deepal S05",,/samochody/deepal/s05/,"Deepal S05 2025",?,SUV,"MARKA: Changan EV sub-brand, EU 2024+",
166,2,Deepal,Deepal,"Deepal G318",G318,"Deepal G318",,/samochody/deepal/g318/,"Deepal G318 2025",?,"off-road SUV","MARKA: Changan EV sub-brand, EU 2024+",
167,2,Deepal,Deepal,"Deepal S09",S09,"Deepal S09",,/samochody/deepal/s09/,"Deepal S09 2025",?,,"do potwierdzenia (fallback) | MARKA: Changan EV sub-brand, EU 2024+",
15,24,Denza,Denza,"Denza D9 DM","D9 DM-i","Denza D9 DM-i",,/samochody/denza/d9-dm-i/,"Denza D9 DM-i 2025",Y,MPV,"MARKA: BYD-Mercedes JV",
34,12,Denza,Denza,"Denza Z9 DM","Z9 DM-i","Denza Z9 DM-i",,/samochody/denza/z9-dm-i/,"Denza Z9 DM-i 2025",?,"shooting brake","MARKA: BYD-Mercedes JV",
62,8,Denza,Denza,"Denza N9 DM","N9 DM-i","Denza N9 DM-i",,/samochody/denza/n9-dm-i/,"Denza N9 DM-i 2025",?,SUV,"MARKA: BYD-Mercedes JV",
63,8,Denza,Denza,"Denza Z9 GT DM","Z9 GT DM-i","Denza Z9 GT DM-i",,/samochody/denza/z9-gt-dm-i/,"Denza Z9 GT DM-i 2025",?,"shooting brake","MARKA: BYD-Mercedes JV",
168,2,Denza,Denza,"Denza N7",N7,"Denza N7",,/samochody/denza/n7/,"Denza N7 2025",?,,"do potwierdzenia (fallback) | MARKA: BYD-Mercedes JV",
219,1,Denza,Denza,"Denza D9 EV","D9 EV","Denza D9 EV",,/samochody/denza/d9-ev/,"Denza D9 EV 2025",?,,"do potwierdzenia (fallback) | MARKA: BYD-Mercedes JV",
220,1,Denza,Denza,"Denza N8L DM","N8L DM","Denza N8L DM",,/samochody/denza/n8l-dm/,"Denza N8L DM 2025",?,,"do potwierdzenia (fallback) | MARKA: BYD-Mercedes JV",
221,1,Denza,Denza,"Denza Z9 GT EV","Z9 GT EV","Denza Z9 GT EV",,/samochody/denza/z9-gt-ev/,"Denza Z9 GT EV 2025",?,,"do potwierdzenia (fallback) | MARKA: BYD-Mercedes JV",
222,1,Denza,Denza,"N8L DM",N8L,"Denza N8L",,/samochody/denza/n8l-dm/,"Denza N8L DM 2025",?,,"do potwierdzenia (fallback) | MARKA: BYD-Mercedes JV",
223,1,"Dongfeng Fengxing",Dongfeng,"Xinghai V9","Forting U-Tour V9","Dongfeng Forting U-Tour V9",,/samochody/dongfeng-fengxing/xinghai-v9/,"Dongfeng Fengxing Xinghai V9 2025",?,,"do potwierdzenia (fallback) | MARKA: do potwierdzenia (marka nie zmapowana)",
169,2,"Dongfeng Yipai",Dongfeng,eπ008,eπ008,"Dongfeng eπ008",,/samochody/dongfeng-yipai/e-008/,"Dongfeng Yipai eπ008 2025",?,,"do potwierdzenia (fallback) | MARKA: sub-brand Dongfeng",
70,7,Exeed,Exlantix,"Exlantix ET",ET,"Exeed Exlantix ET",,/samochody/exeed/exlantix-et/,"Exeed Exlantix ET 2025",?,"sedan EV","premium sedan EV, bez EU odpowiednika | MARKA: niszowa premium CN Chery; TYLKO Yaoguang/RX rebrand→Omoda 9 (per-model override)",
224,1,Exeed,Exeed,"Exeed Lingyun",TXL,"Exeed TXL Lingyun",,/samochody/exeed/lingyun/,"Exeed Lingyun 2025",?,SUV,"MARKA: niszowa premium CN Chery; TYLKO Yaoguang/RX rebrand→Omoda 9 (per-model override)",
225,1,Exeed,Exeed,"Exeed Yaoguang C-DM",RX,"Exeed RX (Omoda 9 SHS)","Omoda 9 SHS",/samochody/exeed/rx/,"Exeed RX (Omoda 9 SHS) 2025",Y,"SUV flagship PHEV","Yaoguang C-DM PHEV 537 KM | MARKA: niszowa premium CN Chery; TYLKO Yaoguang/RX rebrand→Omoda 9 (per-model override)",
226,1,Exeed,Exeed,星途ET5,ET5,"Exeed ET5",,/samochody/exeed/et5/,"Exeed ET5 2025",?,sedan,"translit Xingtu ET5 | MARKA: niszowa premium CN Chery; TYLKO Yaoguang/RX rebrand→Omoda 9 (per-model override)",
16,21,"GAC Trumpchi",GAC,"Trumpchi M8",M8,"GAC M8",,/samochody/gac/m8/,"GAC M8 2025",?,MPV,"MARKA: Trumpchi = CN name; w EU GAC",
54,9,"GAC Trumpchi",GAC,Empow,Empow,"GAC Empow",,/samochody/gac/empow/,"GAC Empow 2025",?,sedan,"MARKA: Trumpchi = CN name; w EU GAC",
93,5,"GAC Trumpchi",GAC,"Trumpchi GS8",GS8,"GAC GS8",,/samochody/gac/gs8/,"GAC GS8 2025",?,SUV,"MARKA: Trumpchi = CN name; w EU GAC",
133,3,"GAC Trumpchi",GAC,"Trumpchi GS4",GS4,"GAC GS4",,/samochody/gac/gs4/,"GAC GS4 2025",?,SUV,"MARKA: Trumpchi = CN name; w EU GAC",
172,2,"GAC Trumpchi",GAC,"Trumpchi E8","Trumpchi E8","GAC Trumpchi E8",,/samochody/gac/trumpchi-e8/,"GAC Trumpchi E8 2025",?,,"do potwierdzenia (fallback) | MARKA: Trumpchi = CN name; w EU GAC",
173,2,"GAC Trumpchi",GAC,"Trumpchi Xiangwang M8","Trumpchi M8","GAC Trumpchi Xiangwang M8",,/samochody/gac/trumpchi-xiangwang-m8/,"GAC Trumpchi Xiangwang M8 2025",?,,"do potwierdzenia (fallback) | MARKA: Trumpchi = CN name; w EU GAC",
174,2,"GAC Trumpchi",GAC,"Trumpchi Xiangwang S7","Trumpchi S7","GAC Trumpchi Xiangwang S7",,/samochody/gac/trumpchi-xiangwang-s7/,"GAC Trumpchi Xiangwang S7 2025",?,,"do potwierdzenia (fallback) | MARKA: Trumpchi = CN name; w EU GAC",
227,1,"GAC Trumpchi",GAC,"Trumpchi E8 PHEV","Trumpchi E8 PHEV","GAC Trumpchi E8 PHEV",,/samochody/gac/trumpchi-e8-phev/,"GAC Trumpchi E8 PHEV 2025",?,,"do potwierdzenia (fallback) | MARKA: Trumpchi = CN name; w EU GAC",
228,1,"GAC Trumpchi",GAC,"Trumpchi ES9 PHEV","Trumpchi ES9 PHEV","GAC Trumpchi ES9 PHEV",,/samochody/gac/trumpchi-es9-phev/,"GAC Trumpchi ES9 PHEV 2025",?,,"do potwierdzenia (fallback) | MARKA: Trumpchi = CN name; w EU GAC",
171,2,"GAC Aion Hyper","GAC Aion Hypec","Hyptec HT",HT,"GAC Aion Hyptec HT",,/samochody/gac-aion-hyper/ht/,"GAC Aion Hyper HT 2025",?,,"do potwierdzenia (fallback) | MARKA: GAC EV premium line",
5,39,Geely,Geely,"Xingyue L",Monjaro,"Geely Monjaro",,/samochody/geely/monjaro/,"Geely Monjaro 2025",Y,SUV,"Xingyue L = Monjaro w EU (user confirmed) | MARKA: niektóre modele mają EU-names (Monjaro, Preface)",
7,31,Geely,Geely,Xingrui,Preface,"Geely Preface",,/samochody/geely/preface/,"Geely Preface 2025",Y,sedan,"Xingrui = Preface w EU | MARKA: niektóre modele mają EU-names (Monjaro, Preface)",
30,13,Galaxy,Geely,"Galaxy Xingyao 8 PHEV","Galaxy Starship 8 PHEV","Geely Galaxy Starship 8 PHEV",,/samochody/geely/galaxy-starship-8-phev/,"Geely Galaxy Starship 8 PHEV 2025",?,"sedan PHEV","Xingyao 8 = Starship 8 | MARKA: scalone do Geely; nazwa Galaxy zachowana w serie",
45,10,Galaxy,Geely,"Galaxy L7","Galaxy L7","Geely Galaxy L7",,/samochody/geely/galaxy-l7/,"Geely Galaxy L7 2025",?,"SUV PHEV","MARKA: scalone do Geely; nazwa Galaxy zachowana w serie",
64,8,Galaxy,Geely,"Galaxy Starship 7 EM-i","Galaxy Starship 7 EM-i","Geely Galaxy Starship 7 EM-i",,/samochody/geely/galaxy-starship-7-em-i/,"Geely Galaxy Starship 7 EM-i 2025",?,"SUV PHEV","MARKA: scalone do Geely; nazwa Galaxy zachowana w serie",
77,6,Galaxy,Geely,"银河A7 PHEV","Galaxy A7 PHEV","Geely Galaxy A7 PHEV",,/samochody/geely/galaxy-a7-phev/,"Geely Galaxy A7 PHEV 2025",?,"sedan PHEV","translit z CN | MARKA: scalone do Geely; nazwa Galaxy zachowana w serie",
78,6,Geely,Geely,"Boyue L","Atlas Pro","Geely Atlas Pro",,/samochody/geely/atlas-pro/,"Geely Atlas Pro 2025",?,SUV,"do potwierdzenia: Boyue L → Atlas Pro? | MARKA: niektóre modele mają EU-names (Monjaro, Preface)",
109,4,Galaxy,Geely,"Galaxy E8","Galaxy E8","Geely Galaxy E8",,/samochody/geely/galaxy-e8/,"Geely Galaxy E8 2025",?,"sedan EV","MARKA: scalone do Geely; nazwa Galaxy zachowana w serie",
110,4,Galaxy,Geely,Xingyuan,EX2,"Geely Galaxy EX2",,/samochody/geely/xingyuan/,"Geely Xingyuan 2025",?,,"do potwierdzenia (fallback) | MARKA: scalone do Geely; nazwa Galaxy zachowana w serie",
134,3,Galaxy,Geely,"Galaxy L6","Galaxy L6","Geely Galaxy L6",,/samochody/geely/galaxy-l6/,"Geely Galaxy L6 2025",?,,"do potwierdzenia (fallback) | MARKA: scalone do Geely; nazwa Galaxy zachowana w serie",
135,3,Geely,Geely,"Haoyue L","Haoyue L","Geely Haoyue L",,/samochody/geely/haoyue-l/,"Geely Haoyue L 2025",?,,"do potwierdzenia (fallback) | MARKA: niektóre modele mają EU-names (Monjaro, Preface)",
175,2,Galaxy,Geely,"Galaxy A7 PHEV","Galaxy A7 PHEV","Geely Galaxy A7 PHEV",,/samochody/geely/galaxy-a7-phev/,"Geely Galaxy A7 PHEV 2025",?,,"do potwierdzenia (fallback) | MARKA: scalone do Geely; nazwa Galaxy zachowana w serie",
176,2,Galaxy,Geely,"Galaxy E5","Galaxy E5","Geely Galaxy E5",,/samochody/geely/galaxy-e5/,"Geely Galaxy E5 2025",?,"SUV EV","MARKA: scalone do Geely; nazwa Galaxy zachowana w serie",
177,2,Galaxy,Geely,"Galaxy Xingyao 6","Galaxy Starship 6","Geely Galaxy Starship 6",,/samochody/geely/galaxy-starship-6/,"Geely Galaxy Starship 6 2025",?,"sedan PHEV","Xingyao 6 = Starship 6 | MARKA: scalone do Geely; nazwa Galaxy zachowana w serie",
229,1,Galaxy,Geely,"Yizhen L380","LEVC L380","Geely LEVC Yizhen L380",,/samochody/geely/yizhen-l380/,"Geely Yizhen L380 2025",?,,"do potwierdzenia (fallback) | MARKA: scalone do Geely; nazwa Galaxy zachowana w serie",
230,1,Galaxy,Geely,银河星耀6,"Galaxy Starship 6","Geely Galaxy Starship 6",,/samochody/geely/galaxy-starship-6/,"Geely Galaxy Starship 6 2025",?,sedan,"translit z CN | MARKA: scalone do Geely; nazwa Galaxy zachowana w serie",
231,1,Geely,Geely,Binrui,Binrui,"Geely Binrui",,/samochody/geely/binrui/,"Geely Binrui 2025",?,,"do potwierdzenia (fallback) | MARKA: niektóre modele mają EU-names (Monjaro, Preface)",
232,1,Geely,Geely,Binyue,Coolray,"Geely Coolray",,/samochody/geely/binyue/,"Geely Binyue 2025",?,,"do potwierdzenia (fallback) | MARKA: niektóre modele mają EU-names (Monjaro, Preface)",
233,1,Geely,Geely,Boyue,"Atlas Pro","Geely Atlas Pro Boyue",,/samochody/geely/boyue/,"Geely Boyue 2025",?,,"do potwierdzenia (fallback) | MARKA: niektóre modele mają EU-names (Monjaro, Preface)",
234,1,Geely,Geely,"Geely ICON",ICON,"Geely ICON",,/samochody/geely/icon/,"Geely ICON 2025",?,,"do potwierdzenia (fallback) | MARKA: niektóre modele mają EU-names (Monjaro, Preface)",
235,1,Geely,Geely,Niuzai,"Galaxy E5","Geely Galaxy E5",,/samochody/geely/niuzai/,"Geely Niuzai 2025",?,,"do potwierdzenia (fallback) | MARKA: niektóre modele mają EU-names (Monjaro, Preface)",
111,4,"Great Wall",GWM,Pao,Cannon,"GWM Cannon Great Wall Pao",,/samochody/gwm/pao/,"GWM Pao 2025",?,,"do potwierdzenia (fallback) | MARKA: Great Wall używa GWM w EU",
236,1,"Great Wall",GWM,"King Kong Cannon","Cannon King Kong","GWM Cannon King Kong",,/samochody/gwm/king-kong-cannon/,"GWM King Kong Cannon 2025",?,,"do potwierdzenia (fallback) | MARKA: Great Wall używa GWM w EU",
79,6,Haval,Haval,"Haval Big Dog","Big Dog","Haval Big Dog Dargo",,/samochody/haval/big-dog/,"Haval Big Dog 2025",?,,"do potwierdzenia (fallback) | MARKA: GWM",
178,2,Haval,Haval,"Haval H6",H6,"Haval H6",,/samochody/haval/h6/,"Haval H6 2025",Y,SUV,"MARKA: GWM",
179,2,Haval,Haval,"Haval Xiaolong MAX","Xiaolong MAX","Haval Xiaolong MAX H6",,/samochody/haval/xiaolong-max/,"Haval Xiaolong MAX 2025",?,,"do potwierdzenia (fallback) | MARKA: GWM",
237,1,Haval,Haval,"Haval H5",H5,"Haval H5",,/samochody/haval/h5/,"Haval H5 2025",?,,"do potwierdzenia (fallback) | MARKA: GWM",
238,1,Haval,Haval,哈弗猛龙燃油版,"Raptor (benzyna)","Haval Raptor (benzyna)",,/samochody/haval/raptor-benzyna/,"Haval Raptor (benzyna) 2025",?,"off-road SUV","translit Menglong = Raptor | MARKA: GWM",
8,30,Hongqi,Hongqi,"Hongqi H5",H5,"Hongqi H5",,/samochody/hongqi/h5/,"Hongqi H5 2025",?,sedan,"MARKA: FAW premium, EU mało obecne",
112,4,Hongqi,Hongqi,"Hongqi EH7",EH7,"Hongqi EH7",,/samochody/hongqi/eh7/,"Hongqi EH7 2025",?,"sedan EV","MARKA: FAW premium, EU mało obecne",
113,4,Hongqi,Hongqi,"Hongqi HQ9 PHEV","HQ9 PHEV","Hongqi HQ9 PHEV",,/samochody/hongqi/hq9-phev/,"Hongqi HQ9 PHEV 2025",?,,"do potwierdzenia (fallback) | MARKA: FAW premium, EU mało obecne",
114,4,Hongqi,Hongqi,"Hongqi HS7 PHEV","HS7 PHEV","Hongqi HS7 PHEV",,/samochody/hongqi/hs7-phev/,"Hongqi HS7 PHEV 2025",?,,"do potwierdzenia (fallback) | MARKA: FAW premium, EU mało obecne",
115,4,Hongqi,Hongqi,"Hongqi Tiangong 08","Tiangong 08","Hongqi Tiangong 08",,/samochody/hongqi/tiangong-08/,"Hongqi Tiangong 08 2025",?,,"do potwierdzenia (fallback) | MARKA: FAW premium, EU mało obecne",
136,3,Hongqi,Hongqi,"Hongqi H9",H9,"Hongqi H9",,/samochody/hongqi/h9/,"Hongqi H9 2025",?,"sedan flagship","MARKA: FAW premium, EU mało obecne",
137,3,Hongqi,Hongqi,"Hongqi HS3",HS3,"Hongqi HS3",,/samochody/hongqi/hs3/,"Hongqi HS3 2025",?,,"do potwierdzenia (fallback) | MARKA: FAW premium, EU mało obecne",
180,2,Hongqi,Hongqi,"Hongqi HS3 PHEV","HS3 PHEV","Hongqi HS3 PHEV",,/samochody/hongqi/hs3-phev/,"Hongqi HS3 PHEV 2025",?,,"do potwierdzenia (fallback) | MARKA: FAW premium, EU mało obecne",
181,2,Hongqi,Hongqi,"Hongqi HS5",HS5,"Hongqi HS5",,/samochody/hongqi/hs5/,"Hongqi HS5 2025",?,SUV,"MARKA: FAW premium, EU mało obecne",
182,2,Hongqi,Hongqi,"Hongqi Tiangong 05","Tiangong 05","Hongqi Tiangong 05",,/samochody/hongqi/tiangong-05/,"Hongqi Tiangong 05 2025",?,,"do potwierdzenia (fallback) | MARKA: FAW premium, EU mało obecne",
183,2,Hongqi,Hongqi,"Hongqi Tiangong 06","Tiangong 06","Hongqi Tiangong 06",,/samochody/hongqi/tiangong-06/,"Hongqi Tiangong 06 2025",?,,"do potwierdzenia (fallback) | MARKA: FAW premium, EU mało obecne",
239,1,Hongqi,Hongqi,"Hongqi H5 PHEV","H5 PHEV","Hongqi H5 PHEV",,/samochody/hongqi/h5-phev/,"Hongqi H5 PHEV 2025",?,,"do potwierdzenia (fallback) | MARKA: FAW premium, EU mało obecne",
240,1,Hongqi,Hongqi,"Hongqi H6",H6,"Hongqi H6",,/samochody/hongqi/h6/,"Hongqi H6 2025",?,"sedan coupe","MARKA: FAW premium, EU mało obecne",
241,1,Hongqi,Hongqi,"Hongqi HQ9",HQ9,"Hongqi HQ9",,/samochody/hongqi/hq9/,"Hongqi HQ9 2025",?,,"do potwierdzenia (fallback) | MARKA: FAW premium, EU mało obecne",
102,5,iCAR,iCAR,"iCAR Super V23","Super V23","iCAR Super V23",,/samochody/icar/super-v23/,"iCAR Super V23 2025",?,,"do potwierdzenia (fallback) | MARKA: Chery sub-brand EV",
148,3,iCAR,Chery,"iCAR 03",03,"Chery iCAR 03",,/samochody/icar/03/,"iCAR 03 2025",Y,"SUV EV boxy","MARKA: Chery sub-brand EV",
266,1,iCAR,Chery,"iCAR V27",V27,"Chery iCAR V27",,/samochody/icar/v27/,"iCAR V27 2025",?,,"do potwierdzenia (fallback) | MARKA: Chery sub-brand EV",
80,6,"IM Motors","IM Motors","IM L6","IM L6","IM Motors IM L6",,/samochody/im-motors/im-l6/,"IM Motors IM L6 2025",Y,"sedan EV","MARKA: SAIC premium EV",
138,3,"IM Motors","IM Motors","IM LS6","IM LS6","IM Motors IM LS6",,/samochody/im-motors/im-ls6/,"IM Motors IM LS6 2025",Y,"SUV EV","MARKA: SAIC premium EV",
184,2,"IM Motors","IM Motors",LS9,LS9,"IM Motors LS9",,/samochody/im-motors/ls9/,"IM Motors LS9 2025",?,,"do potwierdzenia (fallback) | MARKA: SAIC premium EV",
81,6,Jetour,Jetour,"Jetour X70 PLUS","X70 PLUS","Jetour X70 PLUS",,/samochody/jetour/x70-plus/,"Jetour X70 PLUS 2025",?,,"do potwierdzenia (fallback) | MARKA: Chery SUV/offroad, obecny w EU",
116,4,Jetour,Jetour,"Jetour Dasheng",Dashing,"Jetour Dashing",,/samochody/jetour/dashing/,"Jetour Dashing 2025",Y,"SUV coupe","MARKA: Chery SUV/offroad, obecny w EU",
117,4,Jetour,Jetour,"Jetour Traveller",T2,"Jetour T2 Traveller",,/samochody/jetour/traveller/,"Jetour Traveller 2025",?,,"do potwierdzenia (fallback) | MARKA: Chery SUV/offroad, obecny w EU",
185,2,"Jetour Shanhai",Jetour,"Jetour Traveller C-DM","T2 C-DM","Jetour T2 C-DM Traveller",,/samochody/jetour/traveller-c-dm/,"Jetour Traveller C-DM 2025",?,,"do potwierdzenia (fallback) | MARKA: Shanhai = offroad line Jetour; merge",
242,1,Jetour,Jetour,"Jetour X70",X70,"Jetour X70",,/samochody/jetour/x70/,"Jetour X70 2025",Y,SUV,"MARKA: Chery SUV/offroad, obecny w EU",
243,1,Jetour,Jetour,"Jetour X70 C-DM","X70 C-DM","Jetour X70 C-DM",,/samochody/jetour/x70-c-dm/,"Jetour X70 C-DM 2025",?,,"do potwierdzenia (fallback) | MARKA: Chery SUV/offroad, obecny w EU",
244,1,Jetour,Jetour,"Jetour X90 PRO","X90 PRO","Jetour X90 PRO",,/samochody/jetour/x90-pro/,"Jetour X90 PRO 2025",?,,"do potwierdzenia (fallback) | MARKA: Chery SUV/offroad, obecny w EU",
245,1,"Jetour Shanhai",Jetour,"Jetour Shanhai L7","Shanhai L7","Jetour Shanhai L7",,/samochody/jetour/shanhai-l7/,"Jetour Shanhai L7 2025",?,"off-road SUV PHEV","MARKA: Shanhai = offroad line Jetour; merge",
246,1,"Jetour Shanhai",Jetour,"Jetour Shanhai L9","Shanhai L9","Jetour Shanhai L9",,/samochody/jetour/shanhai-l9/,"Jetour Shanhai L9 2025",?,"off-road SUV PHEV","MARKA: Shanhai = offroad line Jetour; merge",
247,1,"Jetour Shanhai",Jetour,捷途旅行者C-DM,"T2 C-DM","Jetour T2 Traveler C-DM",,/samochody/jetour/traveler-c-dm/,"Jetour Traveler C-DM 2025",?,"off-road SUV PHEV","translit z CN | MARKA: Shanhai = offroad line Jetour; merge",
55,9,Leapmotor,Leapmotor,"Leapmotor C11",C11,"Leapmotor C11",,/samochody/leapmotor/c11/,"Leapmotor C11 2025",Y,SUV,"MARKA: partnerstwo Stellantis dla EU",
56,9,Leapmotor,Leapmotor,"Leapmotor C16",C16,"Leapmotor C16",,/samochody/leapmotor/c16/,"Leapmotor C16 2025",Y,"SUV 7-os","MARKA: partnerstwo Stellantis dla EU",
65,8,Leapmotor,Leapmotor,"Leapmotor C10",C10,"Leapmotor C10",,/samochody/leapmotor/c10/,"Leapmotor C10 2025",Y,SUV,"MARKA: partnerstwo Stellantis dla EU",
139,3,Leapmotor,Leapmotor,"Leapmotor B10",B10,"Leapmotor B10",,/samochody/leapmotor/b10/,"Leapmotor B10 2025",Y,"SUV kompakt","MARKA: partnerstwo Stellantis dla EU",
186,2,Leapmotor,Leapmotor,零跑Lafa5,B05,"Leapmotor B05",,/samochody/leapmotor/lafa-5/,"Leapmotor Lafa 5 2025",?,"kompakt EV","translit z CN | MARKA: partnerstwo Stellantis dla EU",
31,13,"Li Auto","Li Auto","Li Auto L6",L6,"Li Auto L6",,/samochody/li-auto/l6/,"Li Auto L6 2025",Y,"SUV EREV",,
39,11,"Li Auto","Li Auto","Li Auto L7",L7,"Li Auto L7",,/samochody/li-auto/l7/,"Li Auto L7 2025",Y,"SUV EREV",,
57,9,,,,,,,/samochody/li-auto/i6/,"Li Auto i6 2025",Y,"SUV EV",,
71,7,"Li Auto","Li Auto","Li Auto L9",L9,"Li Auto L9",,/samochody/li-auto/l9/,"Li Auto L9 2025",Y,"SUV EREV",,
187,2,"Li Auto","Li Auto","Li Auto i8",i8,"Li Auto i8",,/samochody/li-auto/i8/,"Li Auto i8 2025",?,,"do potwierdzenia (fallback)",
188,2,"Li Auto","Li Auto","Li i6","Li i6","Li Auto Li i6",,/samochody/li-auto/li-i6/,"Li Auto Li i6 2025",?,,"do potwierdzenia (fallback)",
248,1,"Li Auto","Li Auto","Li Auto L8",L8,"Li Auto L8",,/samochody/li-auto/l8/,"Li Auto L8 2025",Y,"SUV EREV",,
140,3,"Lotus Cars",Lotus,Emeya,Emeya,"Lotus Emeya",,/samochody/lotus/emeya/,"Lotus Emeya 2025",?,,"do potwierdzenia (fallback) | MARKA: Geely owned",
36,12,Maextro,Luxeed,"Luxeed R7",R7,"Luxeed R7",,/samochody/luxeed/r7/,"Luxeed R7 2025",?,"SUV coupe EV","MARKA: Maextro JV Huawei-Chery; dla EU: Luxeed",
118,4,Maextro,Luxeed,"Luxeed S7",S7,"Luxeed S7",,/samochody/luxeed/s7/,"Luxeed S7 2025",?,"sedan EV","MARKA: Maextro JV Huawei-Chery; dla EU: Luxeed",
189,2,"Lynk & Co","Lynk & Co","Lynk & Co 900",900,"Lynk & Co 900",,/samochody/lynk-co/900/,"Lynk & Co 900 2025",?,,"do potwierdzenia (fallback) | MARKA: Geely, obecny w EU",
58,9,Mazda,Mazda,"Mazda CX-5",CX-5,"Mazda CX-5",,/samochody/mazda/cx-5/,"Mazda CX-5 2025",Y,SUV,"MARKA: japońska",
192,2,Mazda,Mazda,EZ-60,EZ-60,"Mazda EZ-60",,/samochody/mazda/ez-60/,"Mazda EZ-60 2025",?,,"do potwierdzenia (fallback) | MARKA: japońska",
193,2,Mazda,Mazda,"Mazda EZ-6",EZ-6,"Mazda EZ-6",,/samochody/mazda/ez-6/,"Mazda EZ-6 2025",?,,"do potwierdzenia (fallback) | MARKA: japońska",
249,1,Mazda,Mazda,"Mazda CX-50",CX-50,"Mazda CX-50",,/samochody/mazda/cx-50/,"Mazda CX-50 2025",N,SUV,"USA/CN | MARKA: japońska",
141,3,MG,MG,"MG 7",7,"MG 7",,/samochody/mg/7/,"MG 7 2025",?,,"do potwierdzenia (fallback) | MARKA: SAIC owned",
190,2,,,,,,,?,?,?,,"do potwierdzenia (fallback) | MARKA: BMW; w CN JV z Great Wall dla EV",
191,2,,,,,,,/samochody/mini/cooper-electric/,"MINI Cooper Electric 2025",?,,"do potwierdzenia (fallback) | MARKA: BMW; w CN JV z Great Wall dla EV",
27,14,NIO,NIO,"NIO ES6",ES6,"NIO ES6",,/samochody/nio/es6/,"NIO ES6 2025",Y,SUV,"MARKA: obecny w EU od 2021",
28,14,NIO,NIO,"NIO ES8",ES8,"NIO ES8",,/samochody/nio/es8/,"NIO ES8 2025",Y,"SUV 7-os","MARKA: obecny w EU od 2021",
40,11,NIO,NIO,"NIO ET5T","ET5 Touring","NIO ET5 Touring",,/samochody/nio/et5-touring/,"NIO ET5 Touring 2025",Y,kombi,"MARKA: obecny w EU od 2021",
66,8,NIO,NIO,"NIO ET5",ET5,"NIO ET5",,/samochody/nio/et5/,"NIO ET5 2025",Y,sedan,"MARKA: obecny w EU od 2021",
119,4,NIO,NIO,"NIO EC6",EC6,"NIO EC6",,/samochody/nio/ec6/,"NIO EC6 2025",Y,"SUV coupe","MARKA: obecny w EU od 2021",
194,2,NIO,NIO,"NIO ET7",ET7,"NIO ET7",,/samochody/nio/et7/,"NIO ET7 2025",Y,sedan,"MARKA: obecny w EU od 2021",
195,2,NIO,NIO,"NIO ET9",ET9,"NIO ET9",,/samochody/nio/et9/,"NIO ET9 2025",?,,"do potwierdzenia (fallback) | MARKA: obecny w EU od 2021",
82,6,Nissan,Nissan,"Nissan N7",N7,"Nissan N7",,/samochody/nissan/n7/,"Nissan N7 2025",N,"sedan EV","Dongfeng-Nissan CN | MARKA: japońska, JV Dongfeng-Nissan dla CN",
83,6,Nissan,Nissan,,,,,/samochody/nissan/n6/,"Nissan N6 2025",N,sedan,"translit z CN | MARKA: japońska, JV Dongfeng-Nissan dla CN",
142,3,Nissan,Nissan,"Nissan N6",N6,"Nissan N6",,/samochody/nissan/n6/,"Nissan N6 2025",?,,"do potwierdzenia (fallback) | MARKA: japońska, JV Dongfeng-Nissan dla CN",
250,1,Nissan,Nissan,Sylphy,Sylphy,"Nissan Sylphy",,/samochody/nissan/sylphy/,"Nissan Sylphy 2025",N,sedan,"CN; EU: Almera | MARKA: japońska, JV Dongfeng-Nissan dla CN",
107,4,"Changan Qiyuan",Nevo,"Changan Qiyuan A07",A07,"Qiyuan Nevo A07",,/samochody/qiyuan/a07/,"Qiyuan A07 2025",?,sedan,"MARKA: sub-brand Changan",
159,2,"Changan Qiyuan",Nevo,"Changan Qiyuan Q07",Q07,"Qiyuan Nevo Q07",,/samochody/qiyuan/q07/,"Qiyuan Q07 2025",?,SUV,"MARKA: sub-brand Changan",
197,2,Smart,Smart,"smart #5",#5,"Smart #5",,/samochody/smart/hash5/,"Smart #5 2025",?,,"do potwierdzenia (fallback) | MARKA: Geely-Mercedes JV",
67,8,Tank,Tank,"Tank 300",300,"Tank 300",,/samochody/tank/300/,"Tank 300 2025",Y,"off-road SUV","MARKA: GWM off-road",
252,1,Tank,Tank,"Tank 400 Hi4-T","400 Hi4-T","Tank 400 Hi4-T",,/samochody/tank/400-hi4-t/,"Tank 400 Hi4-T 2025",Y,"off-road SUV PHEV","MARKA: GWM off-road",
253,1,Tank,Tank,"Tank 700 Hi4-T","700 Hi4-T","Tank 700 Hi4-T",,/samochody/tank/700-hi4-t/,"Tank 700 Hi4-T 2025",Y,"off-road SUV PHEV","MARKA: GWM off-road",
41,11,Volkswagen,Volkswagen,Lavida,Jetta,"Volkswagen Lavida Jetta",,/samochody/volkswagen/lavida/,"Volkswagen Lavida 2025",N,sedan,"CN-only | MARKA: europejska, modele SAIC-VW CN-exclusive",
46,10,Volkswagen,Volkswagen,Passat,"Passat CN","Volkswagen Passat CN",,/samochody/volkswagen/passat-cn/,"Volkswagen Passat CN 2025",N,sedan,"CN Passat ≠ EU | MARKA: europejska, modele SAIC-VW CN-exclusive",
47,10,Volkswagen,Volkswagen,"Tiguan L","Tiguan L LWB","Volkswagen Tiguan L LWB",,/samochody/volkswagen/tiguan-l-lwb/,"Volkswagen Tiguan L LWB 2025",N,SUV,"CN LWB | MARKA: europejska, modele SAIC-VW CN-exclusive",
72,7,Volkswagen,Volkswagen,Sagitar,Sagitar,"Volkswagen Sagitar",,/samochody/volkswagen/sagitar/,"Volkswagen Sagitar 2025",N,sedan,"CN; EU: Jetta | MARKA: europejska, modele SAIC-VW CN-exclusive",
84,6,Volkswagen,Volkswagen,Lamando,Lamando,"Volkswagen Lamando",,/samochody/volkswagen/lamando/,"Volkswagen Lamando 2025",N,"sedan coupe","CN-only | MARKA: europejska, modele SAIC-VW CN-exclusive",
85,6,Volkswagen,Volkswagen,Teramont,Teramont,"Volkswagen Teramont",,/samochody/volkswagen/teramont/,"Volkswagen Teramont 2025",?,,"do potwierdzenia (fallback) | MARKA: europejska, modele SAIC-VW CN-exclusive",
94,5,Volkswagen,Volkswagen,Tayron,Tayron,"Volkswagen Tayron",,/samochody/volkswagen/tayron/,"Volkswagen Tayron 2025",?,,"do potwierdzenia (fallback) | MARKA: europejska, modele SAIC-VW CN-exclusive",
95,5,Volkswagen,Volkswagen,Tharu,Tharu,"Volkswagen Tharu",,/samochody/volkswagen/tharu/,"Volkswagen Tharu 2025",?,,"do potwierdzenia (fallback) | MARKA: europejska, modele SAIC-VW CN-exclusive",
96,5,Volkswagen,Volkswagen,"Volkswagen ID.3",ID.3,"Volkswagen ID.3",,/samochody/volkswagen/id-3/,"Volkswagen ID.3 2025",?,,"do potwierdzenia (fallback) | MARKA: europejska, modele SAIC-VW CN-exclusive",
144,3,Volkswagen,Volkswagen,Bora,Bora,"Volkswagen Bora",,/samochody/volkswagen/bora/,"Volkswagen Bora 2025",?,,"do potwierdzenia (fallback) | MARKA: europejska, modele SAIC-VW CN-exclusive",
145,3,Volkswagen,Volkswagen,Magotan,Magotan,"Volkswagen Magotan",,/samochody/volkswagen/magotan/,"Volkswagen Magotan 2025",N,sedan,"CN Passat B8 | MARKA: europejska, modele SAIC-VW CN-exclusive",
198,2,Volkswagen,Volkswagen,Golf,Golf,"Volkswagen Golf",,/samochody/volkswagen/golf/,"Volkswagen Golf 2025",?,,"do potwierdzenia (fallback) | MARKA: europejska, modele SAIC-VW CN-exclusive",
199,2,Volkswagen,Volkswagen,"ID.4 CROZZ","ID.4 CROZZ","Volkswagen ID.4 CROZZ",,/samochody/volkswagen/id-4-crozz/,"Volkswagen ID.4 CROZZ 2025",?,,"do potwierdzenia (fallback) | MARKA: europejska, modele SAIC-VW CN-exclusive",
200,2,Volkswagen,Volkswagen,"ID.4 X","ID.4 X","Volkswagen ID.4 X",,/samochody/volkswagen/id-4-x/,"Volkswagen ID.4 X 2025",?,,"do potwierdzenia (fallback) | MARKA: europejska, modele SAIC-VW CN-exclusive",
201,2,Volkswagen,Volkswagen,T-Roc,T-Roc,"Volkswagen T-Roc",,/samochody/volkswagen/t-roc/,"Volkswagen T-Roc 2025",?,,"do potwierdzenia (fallback) | MARKA: europejska, modele SAIC-VW CN-exclusive",
202,2,Volkswagen,Volkswagen,"Volkswagen CC",CC,"Volkswagen CC",,/samochody/volkswagen/cc/,"Volkswagen CC 2025",?,,"do potwierdzenia (fallback) | MARKA: europejska, modele SAIC-VW CN-exclusive",
48,10,Volvo,Volvo,"Volvo S90",S90,"Volvo S90",,/samochody/volvo/s90/,"Volvo S90 2025",Y,sedan,"MARKA: europejska (Geely owned)",
68,8,Volvo,Volvo,"Volvo XC60",XC60,"Volvo XC60",,/samochody/volvo/xc60/,"Volvo XC60 2025",Y,SUV,"MARKA: europejska (Geely owned)",
97,5,Volvo,Volvo,"Volvo S60",S60,"Volvo S60",,/samochody/volvo/s60/,"Volvo S60 2025",Y,sedan,"MARKA: europejska (Geely owned)",
146,3,Volvo,Volvo,"Volvo EM90",EM90,"Volvo EM90",,/samochody/volvo/em90/,"Volvo EM90 2025",?,,"do potwierdzenia (fallback) | MARKA: europejska (Geely owned)",
147,3,Volvo,Volvo,"Volvo XC90",XC90,"Volvo XC90",,/samochody/volvo/xc90/,"Volvo XC90 2025",?,,"do potwierdzenia (fallback) | MARKA: europejska (Geely owned)",
254,1,Volvo,Volvo,"Volvo S90 PHEV","S90 T8 PHEV","Volvo S90 T8 PHEV",,/samochody/volvo/s90-t8-phev/,"Volvo S90 T8 PHEV 2025",Y,sedan,"MARKA: europejska (Geely owned)",
255,1,Volvo,Volvo,"Volvo V90",V90,"Volvo V90",,/samochody/volvo/v90/,"Volvo V90 2025",Y,kombi,"MARKA: europejska (Geely owned)",
256,1,Volvo,Volvo,"Volvo XC40",XC40,"Volvo XC40",,/samochody/volvo/xc40/,"Volvo XC40 2025",Y,SUV,"MARKA: europejska (Geely owned)",
257,1,Volvo,Volvo,"Volvo XC60 PHEV","XC60 T8 PHEV","Volvo XC60 T8 PHEV",,/samochody/volvo/xc60-t8-phev/,"Volvo XC60 T8 PHEV 2025",Y,"SUV PHEV","MARKA: europejska (Geely owned)",
258,1,Volvo,Volvo,"Volvo XC90 PHEV","XC90 T8 PHEV","Volvo XC90 T8 PHEV",,/samochody/volvo/xc90-t8-phev/,"Volvo XC90 T8 PHEV 2025",Y,"SUV 7-os PHEV","MARKA: europejska (Geely owned)",
259,1,Volvo,Volvo,XC70,XC70,"Volvo XC70",,/samochody/volvo/xc70/,"Volvo XC70 2025",?,"SUV PHEV","2025+ nowa gen | MARKA: europejska (Geely owned)",
120,4,Voyah,Voyah,"Voyah Dreamer PHEV","Dream PHEV","Voyah Dream PHEV",,/samochody/voyah/dreamer-phev/,"Voyah Dreamer PHEV 2025",?,,"do potwierdzenia (fallback) | MARKA: Dongfeng premium EV",
121,4,Voyah,Voyah,"Voyah FREE",FREE,"Voyah FREE",,/samochody/voyah/free/,"Voyah FREE 2025",?,,"do potwierdzenia (fallback) | MARKA: Dongfeng premium EV",
203,2,Voyah,Voyah,Taishan,Taishan,"Voyah Taishan",,/samochody/voyah/taishan/,"Voyah Taishan 2025",?,,"do potwierdzenia (fallback) | MARKA: Dongfeng premium EV",
260,1,Voyah,Voyah,"Voyah Dreamer EV","Dream EV","Voyah Dream EV",,/samochody/voyah/dreamer-ev/,"Voyah Dreamer EV 2025",?,"MPV EV","MARKA: Dongfeng premium EV",
261,1,Voyah,Voyah,"Voyah Zhiyin",Zhiyin,"Voyah Zhiyin",,/samochody/voyah/zhiyin/,"Voyah Zhiyin 2025",?,"sedan EV","MARKA: Dongfeng premium EV",
98,5,WEY,WEY,"Blue Mountain",7,"WEY 07 Blue Mountain",,/samochody/wey/blue-mountain/,"WEY Blue Mountain 2025",?,"SUV 7-os PHEV","MARKA: GWM premium",
262,1,WEY,WEY,"Latte PHEV","03 PHEV","WEY 03 Latte PHEV",,/samochody/wey/latte-phev/,"WEY Latte PHEV 2025",?,"SUV PHEV","MARKA: GWM premium",
263,1,WEY,WEY,"Mocha PHEV","05 PHEV","WEY 05 Mocha PHEV",,/samochody/wey/mocha-phev/,"WEY Mocha PHEV 2025",?,"SUV PHEV","MARKA: GWM premium",
2,54,Xiaomi,Xiaomi,"Xiaomi SU7",SU7,"Xiaomi SU7",,/samochody/xiaomi/su7/,"Xiaomi SU7 2025",Y,sedan,,
12,27,Xiaomi,Xiaomi,"Xiaomi YU7",YU7,"Xiaomi YU7",,/samochody/xiaomi/yu7/,"Xiaomi YU7 2025",Y,SUV,,
23,16,Xiaomi,Xiaomi,"Xiaomi SU7 Ultra","SU7 Ultra","Xiaomi SU7 Ultra",,/samochody/xiaomi/su7-ultra/,"Xiaomi SU7 Ultra 2025",Y,sedan,,
9,29,XPeng,XPENG,"XPeng P7+",P7+,"XPENG P7+",,/samochody/xpeng/p7-plus/,"XPENG P7+ 2025",Y,sedan,"MARKA: oficjalnie all-caps",
20,18,XPeng,XPENG,"XPeng MONA M03","Mona M03","XPENG Mona M03",,/samochody/xpeng/mona-m03/,"XPENG Mona M03 2025",Y,sedan,"MARKA: oficjalnie all-caps",
21,18,XPeng,XPENG,"XPeng X9",X9,"XPENG X9",,/samochody/xpeng/x9/,"XPENG X9 2025",Y,MPV,"MARKA: oficjalnie all-caps",
25,15,XPeng,XPENG,"XPeng G9",G9,"XPENG G9",,/samochody/xpeng/g9/,"XPENG G9 2025",Y,SUV,"MARKA: oficjalnie all-caps",
42,11,XPeng,XPENG,"XPeng G6",G6,"XPENG G6",,/samochody/xpeng/g6/,"XPENG G6 2025",Y,"SUV coupe","MARKA: oficjalnie all-caps",
73,7,XPeng,XPENG,"XPeng G7",G7,"XPENG G7",,/samochody/xpeng/g7/,"XPENG G7 2025",?,SUV,"MARKA: oficjalnie all-caps",
86,6,XPeng,XPENG,"XPeng P7",P7,"XPENG P7",,/samochody/xpeng/p7/,"XPENG P7 2025",Y,sedan,"MARKA: oficjalnie all-caps",
264,1,XPeng,XPENG,"XPeng P5",P5,"XPENG P5",,/samochody/xpeng/p5/,"XPENG P5 2025",Y,sedan,"MARKA: oficjalnie all-caps",
24,16,Zeekr,Zeekr,"ZEEKR 7X",7X,"Zeekr 7X",,/samochody/zeekr/7x/,"Zeekr 7X 2025",Y,SUV,"MARKA: Geely premium EV",
43,11,Zeekr,Zeekr,"ZEEKR 009",009,"Zeekr 009",,/samochody/zeekr/009/,"Zeekr 009 2025",Y,MPV,"MARKA: Geely premium EV",
49,10,Zeekr,Zeekr,"ZEEKR 001",001,"Zeekr 001",,/samochody/zeekr/001/,"Zeekr 001 2025",Y,"shooting brake","MARKA: Geely premium EV",
69,8,Zeekr,Zeekr,"ZEEKR 007",007,"Zeekr 007",,/samochody/zeekr/007/,"Zeekr 007 2025",Y,sedan,"MARKA: Geely premium EV",
99,5,Zeekr,Zeekr,"ZEEKR 007 GT","007 GT","Zeekr 007 GT",,/samochody/zeekr/007-gt/,"Zeekr 007 GT 2025",?,,"do potwierdzenia (fallback) | MARKA: Geely premium EV",
100,5,Zeekr,Zeekr,"ZEEKR 9X",9X,"Zeekr 9X",,/samochody/zeekr/9x/,"Zeekr 9X 2025",?,,"do potwierdzenia (fallback) | MARKA: Geely premium EV",
101,5,Zeekr,Zeekr,"ZEEKR X",X,"Zeekr X",,/samochody/zeekr/x/,"Zeekr X 2025",Y,"SUV mini","MARKA: Geely premium EV",
264,1,Exeed,Exeed,"Exeed Lanyue C-DM","VX (Lanyue)","Exeed VX",Lanyue,/samochody/exeed/vx/,"Exeed VX 2025",N,SUV,"PHEV C-DM 180 Ultra Long Range | Lanyue = VX w EU | MARKA: niszowa premium CN Chery",
